start,duration,confidence
0.03718,0.47662,1.000
0.51380,0.47708,0.970
0.99088,0.47628,0.883
1.46717,0.47621,0.872
1.94338,0.47589,0.854
2.41927,0.47600,0.864
2.89527,0.47521,0.847
3.37048,0.47571,0.857
3.84619,0.47582,0.835
4.32201,0.47552,0.875
4.79753,0.47598,0.863
5.27352,0.47604,0.864
5.74956,0.47608,0.841
6.22564,0.47613,0.865
6.70177,0.47697,0.852
7.17874,0.47698,0.850
7.65572,0.47657,0.826
8.13229,0.47658,0.855
8.60887,0.47658,0.823
9.08545,0.47658,0.830
9.56203,0.47700,0.814
10.03902,0.47533,0.843
10.51435,0.47614,0.827
10.99049,0.47528,0.833
11.46577,0.47523,0.827
11.94100,0.47393,0.847
12.41493,0.47302,0.830
12.88795,0.47085,0.856
13.35880,0.47073,0.849
13.82953,0.46815,0.874
14.29768,0.46759,0.854
14.76527,0.46581,0.854
15.23108,0.46482,0.830
15.69589,0.46303,0.864
16.15892,0.46286,0.841
16.62178,0.46147,0.838
17.08325,0.46008,0.823
17.54333,0.45829,0.863
18.00161,0.45774,0.825
18.45935,0.45678,0.830
18.91613,0.45541,0.800
19.37154,0.45408,0.837
19.82562,0.45193,0.813
20.27755,0.45184,0.833
20.72939,0.45097,0.812
21.18037,0.44845,0.829
21.62881,0.44782,0.791
22.07663,0.44678,0.779
22.52341,0.44428,0.771
22.96769,0.44303,0.786
23.41072,0.44200,0.818
23.85273,0.44055,0.812
24.29328,0.43971,0.817
24.73298,0.43699,0.843
25.16997,0.43720,0.799
25.60717,0.43615,0.805
26.04333,0.43553,0.771
26.47886,0.43304,0.831
26.91190,0.43096,0.796
27.34285,0.42910,0.763
27.77195,0.42808,0.751
28.20003,0.42537,0.797
28.62540,0.42455,0.662
29.04995,0.42330,0.514
29.47325,0.42246,0.462
29.89571,0.42288,0.509
30.31860,0.42287,0.450
30.74147,0.42328,0.485
31.16475,0.42411,0.449
31.58886,0.42408,0.540
32.01294,0.42489,0.447
32.43783,0.43625,0.532
32.87408,0.44929,0.470
33.32336,0.44928,0.615
33.77264,0.44885,0.601
34.22149,0.45105,0.362
34.67254,0.46568,0.367
35.13822,0.46662,0.475
35.60484,0.46526,0.438
36.07010,0.46838,0.456
36.53848,0.47092,0.578
37.00940,0.48894,0.623
37.49834,0.49898,0.375
37.99732,0.50111,0.338
38.49843,0.51745,0.643
39.01587,0.51950,0.708
39.53537,0.52092,0.442
40.05629,0.53340,0.632
40.58969,0.52809,0.755
41.11779,0.53058,0.477
41.64836,0.52942,0.616
42.17778,0.52367,0.730
42.70146,0.52673,0.450
43.22819,0.52229,0.656
43.75047,0.52085,0.710
44.27132,0.51972,0.473
44.79104,0.51800,0.646
45.30904,0.51462,0.730
45.82366,0.51492,0.410
46.33858,0.51162,0.571
46.85020,0.51078,0.737
47.36097,0.50902,0.459
47.87000,0.50835,0.666
48.37834,0.50673,0.775
48.88508,0.50495,0.417
49.39003,0.50264,0.627
49.89267,0.50208,0.713
50.39475,0.49962,0.510
50.89437,0.49762,0.606
51.39199,0.49881,0.739
51.89080,0.49544,0.429
52.38624,0.49333,0.626
52.87958,0.49313,0.725
53.37271,0.49057,0.475
53.86328,0.48808,0.619
54.35136,0.48914,0.731
54.84050,0.48472,0.433
55.32522,0.48148,0.609
55.80670,0.48522,0.711
56.29192,0.48209,0.398
56.77401,0.48453,0.566
57.25854,0.49700,0.693
57.75554,0.49258,0.419
58.24812,0.50579,0.533
58.75391,0.50666,0.293
59.26057,0.50823,0.435
59.76880,0.51718,0.455
60.28599,0.52047,0.460
60.80646,0.51322,0.769
61.31968,0.52249,0.483
61.84216,0.51398,0.593
62.35614,0.52286,0.329
62.87900,0.52080,0.699
63.39981,0.51975,0.409
63.91956,0.51833,0.553
64.43789,0.52886,0.323
64.96675,0.52806,0.641
65.49480,0.53443,0.440
66.02923,0.52796,0.451
66.55719,0.52484,0.517
67.08203,0.52573,0.323
67.60776,0.52132,0.593
68.12908,0.50687,0.228
68.63594,0.50296,0.500
69.13890,0.49886,0.121
69.63776,0.49834,0.688
70.13610,0.50530,0.234
70.64140,0.49867,0.584
71.14007,0.51337,0.343
71.65344,0.51850,0.626
72.17193,0.51530,0.441
72.68723,0.51276,0.294
73.19999,0.51204,0.648
73.71203,0.51952,0.096
74.23155,0.52695,0.715
74.75850,0.51126,0.386
75.26975,0.51975,0.308
75.78951,0.52374,0.686
76.31325,0.51913,0.301
76.83238,0.53354,0.447
77.36592,0.52239,0.601
77.88832,0.51328,0.279
78.40160,0.52778,0.264
78.92937,0.51294,0.712
79.44231,0.50854,0.100
79.95085,0.52284,0.413
80.47369,0.51269,0.722
80.98638,0.50753,0.293
81.49391,0.52157,0.396
82.01547,0.52078,0.745
82.53626,0.52303,0.104
83.05928,0.52187,0.074
83.58115,0.52121,0.641
84.10236,0.53029,0.803
84.63265,0.54475,0.142
85.17740,0.52935,0.086
85.70675,0.51465,0.404
86.22140,0.52575,0.694
86.74716,0.54077,0.773
87.28792,0.54089,0.280
87.82882,0.54108,0.337
88.36990,0.54081,0.447
88.91071,0.55565,0.629
89.46636,0.57003,0.588
90.03639,0.56960,0.649
90.60599,0.56774,0.590
91.17373,0.56572,0.796
91.73945,0.56451,0.718
92.30396,0.56238,0.833
92.86634,0.55984,0.802
93.42618,0.55822,0.819
93.98440,0.55578,0.800
94.54018,0.55382,0.852
95.09400,0.55151,0.805
95.64551,0.54750,0.856
96.19301,0.54636,0.819
96.73937,0.54402,0.838
97.28339,0.54121,0.830
97.82460,0.53803,0.851
98.36263,0.53668,0.797
98.89931,0.53446,0.796
99.43377,0.53316,0.777
99.96693,0.53019,0.788
100.49712,0.52815,0.791
101.02527,0.52461,0.811
101.54988,0.52295,0.816
102.07284,0.51960,0.814
102.59243,0.51809,0.808
103.11052,0.51613,0.810
103.62665,0.51342,0.814
104.14007,0.51117,0.746
104.65124,0.50994,0.787
105.16118,0.50686,0.786
105.66804,0.50594,0.768
106.17398,0.50270,0.762
106.67668,0.50037,0.735
107.17706,0.49598,0.731
107.67304,0.49344,0.710
108.16647,0.48927,0.723
108.65574,0.48741,0.683
109.14316,0.48400,0.689
109.62716,0.48291,0.664
110.11007,0.47847,0.746
110.58855,0.47795,0.770
111.06650,0.47404,0.740
111.54054,0.47175,0.697
112.01229,0.46839,0.755
112.48068,0.46518,0.647
112.94586,0.46152,0.729
113.40738,0.46071,0.517
113.86810,0.45899,0.561
114.32708,0.45870,0.387
114.78578,0.45841,0.418
115.24420,0.45818,0.209
115.70238,0.45795,0.372
116.16033,0.45817,0.209
116.61850,0.46800,0.414
117.08650,0.48223,0.442
117.56873,0.48200,0.503
118.05072,0.48616,0.334
118.53689,0.50043,0.161
119.03732,0.50006,0.352
119.53738,0.50377,0.403
120.04115,0.50792,0.236
120.54907,0.49313,0.271
121.04220,0.49638,0.489
121.53858,0.50609,0.320
122.04467,0.49606,0.226
122.54073,0.51014,0.258
123.05087,0.50505,0.177
123.55592,0.50433,0.405
124.06024,0.51079,0.281
124.57103,0.51693,0.312
125.08796,0.50171,0.202
125.58967,0.50788,0.370
126.09755,0.49816,0.193
126.59571,0.51203,0.279
127.10773,0.51133,0.382
127.61906,0.51218,0.412
128.13125,0.51329,0.212
128.64453,0.52221,0.360
129.16675,0.51870,0.419
129.68545,0.51982,0.219
130.20527,0.51639,0.322
130.72166,0.51532,0.427
131.23697,0.50554,0.208
131.74252,0.50287,0.327
132.24538,0.50438,0.438
132.74976,0.49536,0.263
133.24512,0.49378,0.244
133.73891,0.49261,0.444
134.23152,0.47792,0.296
134.70944,0.48513,0.194
135.19457,0.48294,0.306
135.67751,0.47177,0.170
136.14928,0.47689,0.195
136.62617,0.47414,0.260
137.10031,0.46489,0.238
137.56520,0.46697,0.160
138.03217,0.46781,0.381
138.49998,0.46253,0.174
138.96251,0.48054,0.289
139.44305,0.48475,0.417
139.92780,0.48835,0.401
140.41615,0.49647,0.272
140.91262,0.51428,0.114
141.42690,0.51325,0.300
141.94015,0.52711,0.299
142.46725,0.51482,0.286
142.98208,0.51746,0.184
143.49954,0.52151,0.098
144.02105,0.52180,0.278
144.54285,0.51379,0.194
145.05664,0.52638,0.097
145.58302,0.51412,0.118
146.09714,0.52671,0.158
146.62385,0.51867,0.189
147.14252,0.51438,0.181
147.65690,0.51996,0.179
148.17686,0.51464,0.116
148.69150,0.49999,0.239
149.19149,0.51459,0.220
149.70607,0.51286,0.199
150.21893,0.51221,0.149
150.73114,0.52380,0.140
151.25495,0.52418,0.269
151.77913,0.53524,0.213
152.31437,0.53385,0.168
152.84822,0.52927,0.327
153.37748,0.52693,0.293
153.90441,0.54124,0.174
154.44565,0.53634,0.149
154.98200,0.53727,0.318
155.51927,0.53470,0.144
156.05397,0.54661,0.239
156.60058,0.54656,0.264
157.14714,0.53941,0.240
157.68655,0.52405,0.202
158.21060,0.52495,0.267
158.73555,0.52162,0.278
159.25716,0.52059,0.093
159.77775,0.51731,0.310
160.29506,0.51586,0.241
160.81092,0.52270,0.221
161.33362,0.53005,0.135
161.86366,0.53022,0.431
162.39388,0.52930,0.238
162.92318,0.52767,0.382
163.45086,0.52722,0.248
163.97808,0.52967,0.313
164.50775,0.52643,0.156
165.03418,0.52746,0.345
165.56164,0.52403,0.225
166.08567,0.52385,0.330
166.60952,0.52393,0.234
167.13345,0.52420,0.289
167.65765,0.51932,0.152
168.17697,0.51918,0.271
168.69615,0.51972,0.324
169.21586,0.51849,0.477
169.73435,0.51586,0.292
170.25021,0.51324,0.386
170.76345,0.51249,0.238
171.27594,0.51262,0.341
171.78856,0.51073,0.273
172.29929,0.51017,0.318
172.80946,0.50992,0.366
173.31938,0.50962,0.368
173.82900,0.50932,0.338
174.33832,0.50697,0.404
174.84530,0.50529,0.208
175.35059,0.50406,0.406
175.85465,0.50238,0.366
176.35703,0.50172,0.462
176.85875,0.50105,0.376
177.35980,0.49995,0.314
177.85974,0.50017,0.287
178.35991,0.50017,0.309
178.86008,0.49782,0.290
179.35791,0.49768,0.224
179.85559,0.49672,0.195
180.35231,0.49533,0.253
180.84763,0.49366,0.252
181.34130,0.49330,0.280
181.83460,0.49015,0.273
182.32475,0.49154,0.287
182.81629,0.48886,0.163
183.30515,0.48875,0.101
183.79390,0.48690,0.247
184.28080,0.48698,0.226
184.76778,0.48618,0.166
185.25396,0.48644,0.222
185.74040,0.48364,0.160
186.22404,0.48340,0.207
186.70744,0.48185,0.325
187.18928,0.48193,0.206
187.67122,0.47993,0.241
188.15115,0.47783,0.171
188.62898,0.47661,0.218
189.10558,0.47961,0.282
189.58519,0.47845,0.185
190.06364,0.47770,0.261
190.54134,0.47664,0.189
191.01798,0.47807,0.180
191.49605,0.47744,0.118
191.97350,0.47722,0.128
192.45072,0.47537,0.154
192.92608,0.47520,0.101
193.40129,0.47547,0.076
193.87676,0.47654,0.078
194.35330,0.47511,0.084
194.82840,0.47530,0.057
195.30370,0.47724,0.085
195.78094,0.47788,0.154
196.25882,0.47847,0.168
196.73729,0.47691,0.246
197.21420,0.47619,0.172
197.69040,0.47805,0.103
198.16845,0.47692,0.156
198.64536,0.47579,0.269
199.12115,0.47417,0.251
199.59532,0.47308,0.182
200.06840,0.47410,0.112
200.54250,0.47478,0.189
201.01729,0.47372,0.210
201.49100,0.47573,0.298
201.96673,0.47599,0.356
202.44271,0.47716,0.374
202.91987,0.47786,0.380
203.39774,0.47689,0.358
203.87463,0.47631,0.373
204.35094,0.47705,0.341
204.82799,0.47606,0.287
205.30405,0.47596,0.277
205.78000,0.47543,0.390
206.25543,0.47663,0.393
206.73207,0.47613,0.387
207.20820,0.47650,0.389
207.68470,0.47602,0.369
208.16072,0.47597,0.366
208.63668,0.47634,0.350
209.11303,0.47627,0.354
209.58930,0.47452,0.374
210.06382,0.47700,0.352
210.54082,0.47695,0.367
211.01777,0.47602,0.342
211.49379,0.47596,0.322
211.96975,0.47503,0.305
212.44478,0.47625,0.344
212.92103,0.47575,0.375
213.39677,0.47526,0.403
213.87204,0.47562,0.403
214.34766,0.47642,0.376
214.82408,0.47679,0.385
215.30087,0.47675,0.359
215.77762,0.47629,0.394
216.25391,0.47797,0.397
216.73188,0.47709,0.358
217.20897,0.47665,0.330
217.68562,0.47578,0.323
218.16140,0.47618,0.289
218.63758,0.47701,0.339
219.11459,0.47613,0.346
219.59072,0.47612,0.325
220.06684,0.47567,0.316
220.54251,0.47523,0.313
221.01774,0.47607,0.265
221.49381,0.47606,0.221
221.96987,0.47647,0.260
222.44634,0.47817,0.301
222.92451,0.47646,0.309
223.40096,0.47985,0.299
223.88081,0.47942,0.207
224.36023,0.47644,0.189
224.83667,0.47686,0.162
225.31353,0.47643,0.201
225.78996,0.47514,0.235
226.26510,0.47556,0.267
226.74065,0.47385,0.300
227.21450,0.47553,0.401
227.69003,0.47850,0.358
228.16853,0.47721,0.382
228.64574,0.47635,0.311
229.12209,0.47676,0.307
229.59885,0.47633,0.230
230.07518,0.47675,0.255
230.55193,0.47674,0.300
231.02868,0.47631,0.367
231.50499,0.47759,0.298
231.98258,0.47716,0.295
232.45973,0.47759,0.252
232.93732,0.47801,0.287
233.41534,0.47631,0.274
233.89165,0.47461,0.283
234.36626,0.47461,0.301
234.84087,0.47290,0.384
235.31376,0.47544,0.371
235.78921,0.47331,0.382
236.26251,0.47543,0.326
236.73794,0.47584,0.314
237.21378,0.47711,0.275
237.69090,0.47541,0.299
238.16630,0.47753,0.318
238.64383,0.47582,0.430
239.11966,0.47710,0.372
239.59675,0.47709,0.339
240.07385,0.47709,0.244
240.55094,0.47666,0.273
241.02760,0.47709,0.231
241.50469,0.47794,0.268
241.98263,0.47667,0.309
242.45930,0.47752,0.356
242.93682,0.47412,0.290
243.41093,0.47625,0.297
243.88718,0.47625,0.249
244.36342,0.47710,0.275
244.84052,0.47497,0.253
245.31549,0.47709,0.281
245.79259,0.47412,0.295
246.26670,0.47752,0.350
246.74422,0.47624,0.332
247.22046,0.47412,0.347
247.69458,0.47582,0.308
248.17040,0.47539,0.304
248.64579,0.47497,0.253
249.12076,0.47582,0.294
249.59658,0.47582,0.312
250.07240,0.47582,0.402
250.54823,0.47837,0.371
251.02660,0.47795,0.395
251.50455,0.47710,0.324
251.98165,0.47667,0.314
252.45832,0.47710,0.266
252.93542,0.47497,0.303
253.41039,0.47455,0.308
253.88494,0.47497,0.362
254.35991,0.47497,0.305
254.83489,0.47582,0.277
255.31071,0.47667,0.248
255.78738,0.47753,0.259
256.26490,0.47838,0.292
256.74328,0.47795,0.260
257.22123,0.47838,0.295
257.69961,0.47796,0.333
258.17757,0.47753,0.373
258.65511,0.47541,0.394
259.13052,0.47541,0.364
259.60593,0.47499,0.352
260.08091,0.47626,0.320
260.55717,0.47414,0.335
261.03131,0.47329,0.392
261.50460,0.47499,0.456
261.97959,0.47669,0.456
262.45627,0.47626,0.452
262.93254,0.47711,0.402
263.40965,0.47626,0.400
263.88592,0.47584,0.347
264.36175,0.47797,0.335
264.83972,0.47669,0.404
265.31641,0.47542,0.404
265.79183,0.47627,0.370
266.26811,0.47628,0.327
266.74439,0.47671,0.295
267.22110,0.47799,0.299
267.69908,0.47543,0.354
268.17451,0.47671,0.317
268.65122,0.47798,0.332
269.12920,0.47798,0.344
269.60718,0.47755,0.345
270.08473,0.47500,0.383
270.55973,0.47457,0.344
271.03430,0.47626,0.344
271.51056,0.47413,0.359
271.98469,0.47498,0.376
272.45968,0.47498,0.437
272.93466,0.47541,0.453
273.41007,0.47711,0.429
273.88718,0.47754,0.382
274.36472,0.47669,0.340
274.84141,0.47797,0.327
275.31938,0.47541,0.326
275.79479,0.47499,0.331
276.26978,0.47541,0.355
276.74519,0.47541,0.351
277.22060,0.47584,0.332
277.69644,0.47754,0.322
278.17399,0.47797,0.285
278.65196,0.47840,0.290
279.13036,0.47798,0.298
279.60834,0.47543,0.273
280.08378,0.47586,0.296
280.55964,0.47629,0.343
281.03593,0.47629,0.319
281.51222,0.47374,0.343
281.98596,0.47459,0.314
282.46055,0.47417,0.301
282.93472,0.47544,0.313
283.41016,0.47672,0.341
283.88687,0.47586,0.384
284.36273,0.47544,0.409
284.83817,0.47799,0.324
285.31616,0.47799,0.298
285.79414,0.47799,0.234
286.27213,0.47713,0.249
286.74926,0.47544,0.251
287.22469,0.47672,0.269
287.70141,0.47587,0.289
288.17728,0.47587,0.304
288.65315,0.47587,0.277
289.12902,0.47630,0.242
289.60532,0.47843,0.220
290.08374,0.47800,0.196
290.56174,0.47587,0.214
291.03761,0.47672,0.186
291.51433,0.47714,0.201
291.99147,0.47799,0.227
292.46946,0.47629,0.254
292.94575,0.47374,0.259
293.41949,0.47544,0.209
293.89493,0.47629,0.205
294.37122,0.47586,0.193
294.84708,0.47373,0.256
295.32081,0.47330,0.278
295.79410,0.47584,0.365
296.26995,0.47584,0.348
296.74579,0.47583,0.365
297.22162,0.47583,0.296
297.69745,0.47625,0.267
298.17370,0.47624,0.224
298.64994,0.47836,0.280
299.12830,0.47666,0.295
299.60496,0.47708,0.341
300.08204,0.47580,0.276
300.55785,0.47707,0.280
301.03492,0.47664,0.258
301.51156,0.47664,0.281
301.98820,0.47493,0.289
302.46314,0.47493,0.298
302.93806,0.47577,0.251
303.41383,0.47577,0.311
303.88960,0.47576,0.302
304.36536,0.47321,0.289
304.83857,0.47575,0.229
305.31432,0.47490,0.256
305.78923,0.47618,0.282
306.26541,0.47661,0.313
306.74202,0.47662,0.359
307.21864,0.47535,0.409
307.69399,0.47833,0.359
308.17232,0.47748,0.351
308.64980,0.47663,0.255
309.12644,0.47621,0.251
309.60264,0.47535,0.178
310.07800,0.47790,0.252
310.55590,0.47833,0.274
311.03423,0.47620,0.336
311.51043,0.47493,0.298
311.98536,0.47705,0.291
312.46241,0.47620,0.232
312.93862,0.47748,0.230
313.41610,0.47450,0.240
313.89060,0.47365,0.232
314.36425,0.47408,0.207
314.83833,0.47492,0.285
315.31325,0.47450,0.280
315.78775,0.47534,0.294
316.26309,0.47534,0.271
316.73843,0.47619,0.257
317.21461,0.47661,0.244
317.69122,0.47618,0.312
318.16741,0.47788,0.294
318.64528,0.47617,0.351
319.12146,0.47787,0.269
319.59933,0.47744,0.249
320.07677,0.47659,0.173
320.55336,0.47616,0.225
321.02952,0.47616,0.208
321.50568,0.47573,0.278
321.98141,0.47743,0.258
322.45884,0.47403,0.304
322.93286,0.47700,0.271
323.40986,0.47657,0.265
323.88643,0.47699,0.232
324.36342,0.47954,0.219
324.84296,0.47784,0.175
325.32080,0.47486,0.204
325.79566,0.47613,0.206
326.27179,0.47145,0.245
326.74324,0.47230,0.272
327.21554,0.47400,0.223
327.68954,0.47399,0.132
328.16353,0.47484,0.109
328.63837,0.47782,0.055
329.11619,0.47867,0.113
329.59486,0.47909,0.101
330.07395,0.47909,0.141
330.55305,0.47739,0.172
331.03044,0.47527,0.227
331.50570,0.47612,0.160
331.98182,0.47611,0.183
332.45793,0.47526,0.116
332.93319,0.47738,0.168
333.41057,0.47908,0.134
333.88965,0.47908,0.186
334.36872,0.47908,0.195
334.84780,0.47653,0.225
335.32433,0.47611,0.142
335.80044,0.47740,0.128
336.27784,0.47698,0.096
336.75482,0.47571,0.132
337.23053,0.47401,0.151
337.70454,0.47529,0.203
338.17983,0.47657,0.230
338.65640,0.47615,0.202
339.13255,0.47700,0.141
339.60956,0.47658,0.122
340.08614,0.47446,0.143
340.56060,0.47489,0.204
341.03549,0.47361,0.179
341.50910,0.47574,0.202
341.98484,0.47574,0.149
342.46057,0.47361,0.161
342.93419,0.47361,0.188
343.40780,0.47531,0.174
343.88311,0.47659,0.192
344.35970,0.47744,0.254
344.83714,0.47532,0.267
345.31246,0.47489,0.344
345.78735,0.47702,0.306
346.26438,0.47703,0.297
346.74140,0.47788,0.229
347.21928,0.47916,0.244
347.69845,0.47832,0.186
348.17676,0.47917,0.239
348.65593,0.47960,0.240
349.13553,0.47748,0.295
349.61301,0.47748,0.253
350.09049,0.47706,0.263
350.56755,0.47622,0.245
351.04377,0.47750,0.258
351.52127,0.47496,0.278
351.99622,0.47412,0.317
352.47034,0.47328,0.287
352.94363,0.47373,0.279
353.41735,0.47374,0.292
353.89109,0.47334,0.279
354.36443,0.47379,0.237
354.83823,0.47551,0.251
355.31374,0.47723,0.216
355.79097,0.47597,0.265
356.26693,0.47810,0.292
356.74503,0.47769,0.347
357.22272,0.47854,0.287
357.70126,0.47726,0.244
358.17852,0.47726,0.181
358.65578,0.47471,0.234
359.13048,0.47726,0.185
359.60774,0.47683,0.263
360.08457,0.47598,0.259
360.56055,0.47597,0.287
361.03652,0.47639,0.229
361.51292,0.47681,0.238
361.98973,0.47765,0.207
362.46739,0.47722,0.243
362.94461,0.47466,0.238
363.41927,0.47423,0.225
363.89350,0.47252,0.240
364.36602,0.47379,0.283
364.83981,0.47378,0.261
365.31359,0.47463,0.270
365.78822,0.47548,0.246
366.26370,0.47463,0.250
366.73833,0.47548,0.266
367.21381,0.47718,0.280
367.69099,0.47676,0.292
368.16775,0.47548,0.348
368.64323,0.47719,0.297
369.12042,0.47634,0.269
369.59676,0.47804,0.206
370.07480,0.47847,0.181
370.55327,0.47634,0.144
371.02961,0.47678,0.233
371.50639,0.47848,0.238
371.98487,0.47552,0.290
372.46039,0.47638,0.251
372.93677,0.47681,0.263
373.41358,0.47682,0.228
373.89040,0.47811,0.257
374.36851,0.47727,0.234
374.84578,0.47557,0.273
375.32135,0.47557,0.263
375.79693,0.47685,0.273
376.27378,0.47601,0.259
376.74979,0.47644,0.249
377.22624,0.47474,0.205
377.70098,0.47560,0.213
378.17658,0.47689,0.197
378.65347,0.47817,0.267
379.13164,0.47776,0.248
379.60940,0.47777,0.280
380.08718,0.47736,0.279
380.56454,0.47696,0.273
381.04150,0.47527,0.225
381.51677,0.47316,0.289
381.98993,0.47445,0.234
382.46439,0.47362,0.261
382.93800,0.47534,0.241
383.41334,0.47662,0.259
383.88996,0.47705,0.277
384.36702,0.47791,0.332
384.84493,0.47920,0.259
385.32413,0.47664,0.234
385.80077,0.47792,0.206
386.27869,0.47579,0.242
386.75448,0.47536,0.249
387.22984,0.48047,0.274
387.71031,0.47876,0.274
388.18907,0.47707,0.264
388.66614,0.47663,0.214
389.14277,0.47662,0.185
389.61939,0.47491,0.186
390.09431,0.47235,0.223
390.56665,0.46722,0.271
391.03388,0.46848,0.323
391.50236,0.47271,0.265
391.97507,0.47184,0.223
392.44691,0.47267,0.179
392.91957,0.47476,0.127
393.39433,0.47431,0.117
393.86864,0.47555,0.127
394.34419,0.47806,0.159
394.82225,0.47591,0.225
395.29815,0.47886,0.213
395.77701,0.47544,0.149
396.25245,0.47586,0.197
396.72831,0.47671,0.220
397.20502,0.47927,0.178
397.68429,0.47632,0.152
398.16061,0.47379,0.137
398.63440,0.47470,0.130
399.10910,0.47475,0.130
399.58385,0.47486,0.125
400.05870,0.47666,0.113
400.53536,0.47598,0.108
401.01134,0.47443,0.142
401.48578,0.47672,0.135
401.96250,0.47692,0.181
402.43942,0.47839,0.152
402.91782,0.47690,0.103
403.39472,0.47755,0.103
403.87227,0.47689,0.208
404.34916,0.48178,0.251
404.83094,0.48500,0.222
405.31594,0.48516,0.180
405.80110,0.48707,0.215
406.28818,0.49149,0.231
406.77966,0.49206,0.213
407.27173,0.49773,0.220
407.76946,0.49872,0.174
408.26818,0.50052,0.197
408.76871,0.50325,0.128
409.27195,0.50764,0.144
409.77960,0.51088,0.163
410.29048,0.51624,0.173
410.80671,0.51410,0.157
411.32081,0.51579,0.165
411.83660,0.50533,0.150
412.34192,0.50864,0.118
412.85057,0.50622,0.143
413.35679,0.49493,0.159
413.85171,0.49341,0.086
414.34512,0.48492,0.193
414.83005,0.48941,0.091
415.31946,0.50519,0.166
415.82465,0.49443,0.149
416.31908,0.50182,0.131
416.82090,0.51887,0.191
417.33977,0.52584,0.165
417.86561,0.54256,0.201
418.40817,0.54531,0.178
418.95348,0.54807,0.197
419.50155,0.54968,0.129
420.05123,0.55109,0.155
420.60231,0.53677,0.239
421.13909,0.53714,0.145
421.67623,0.53659,0.183
422.21282,0.52788,0.162
422.74069,0.51484,0.151
423.25553,0.52897,0.105
423.78450,0.51401,0.121
424.29850,0.51569,0.183
424.81419,0.50257,0.141
425.31675,0.48853,0.095
425.80529,0.48236,0.117
426.28765,0.48651,0.272
426.77416,0.47153,0.138
427.24569,0.47821,0.122
427.72389,0.47820,0.168
428.20209,0.47819,0.146
428.68029,0.48261,0.126
429.16290,0.48658,0.135
429.64947,0.48435,0.160
430.13383,0.48880,0.245
430.62263,0.48634,0.183
431.10897,0.49139,0.256
431.60036,0.49527,0.225
432.09563,0.49657,0.293
432.59219,0.49895,0.256
433.09114,0.50285,0.179
433.59399,0.50735,0.203
434.10135,0.51144,0.255
434.61278,0.51151,0.276
435.12430,0.51453,0.297
435.63882,0.50698,0.214
436.14581,0.49749,0.134
436.64329,0.48684,0.195
437.13013,0.48131,0.186
437.61144,0.48206,0.115
438.09350,0.48680,0.117
438.58030,0.48216,0.136
439.06246,0.48630,0.180
439.54876,0.49518,0.239
440.04394,0.51061,0.253
440.55455,0.50566,0.148
441.06021,0.50474,0.217
441.56494,0.49857,0.252
442.06352,0.49328,0.260
442.55679,0.48980,0.219
443.04659,0.49099,0.384
443.53758,0.48292,0.194
444.02050,0.48590,0.148
444.50640,0.47774,0.172
444.98414,0.48389,0.320
445.46803,0.49782,0.149
445.96585,0.50357,0.205
446.46942,0.50632,0.218
446.97574,0.51163,0.235
447.48737,0.52390,0.159
448.01127,0.53744,0.229
448.54871,0.53305,0.452
449.08177,0.53402,0.219
449.61579,0.52968,0.259
450.14547,0.53393,0.356
450.67940,0.52856,0.181
451.20796,0.52897,0.256
451.73694,0.51476,0.126
452.25169,0.51039,0.475
452.76208,0.51059,0.233
453.27267,0.50963,0.223
453.78229,0.49506,0.299
454.27735,0.49878,0.208
454.77613,0.49910,0.193
455.27523,0.49984,0.255
455.77507,0.49667,0.264
456.27174,0.48301,0.167
456.75475,0.48375,0.219
457.23850,0.48487,0.279
457.72337,0.47684,0.330
458.20021,0.46265,0.399
458.66286,0.46343,0.355
459.12629,0.46492,0.562
459.59121,0.46518,0.390
460.05639,0.46750,0.436
460.52389,0.46879,0.395
460.99269,0.47146,0.374
461.46415,0.47517,0.403
461.93931,0.47810,0.501
462.41742,0.48030,0.509
462.89772,0.48466,0.585
463.38238,0.48575,0.525
463.86812,0.48927,0.634
464.35740,0.49188,0.624
464.84927,0.49485,0.518
465.34412,0.49830,0.455
465.84242,0.50062,0.566
466.34305,0.50437,0.637
466.84741,0.50812,0.662
467.35554,0.51131,0.625
467.86685,0.51403,0.662
468.38087,0.51730,0.656
468.89817,0.51962,0.716
469.41780,0.52346,0.689
469.94126,0.52589,0.720
470.46715,0.53038,0.728
470.99753,0.53310,0.799
471.53063,0.53629,0.717
472.06692,0.53941,0.741
472.60633,0.54283,0.693
473.14916,0.55320,0.739
473.70236,0.55740,0.677
474.25976,0.55860,0.663
474.81836,0.56409,0.682
475.38246,0.56911,0.678
475.95156,0.57278,0.642
476.52434,0.57661,0.735
477.10095,0.57445,0.676
477.67539,0.57779,0.611
478.25318,0.58349,0.628
478.83667,0.58611,0.629
479.42278,0.58921,0.573
480.01199,0.57633,0.648
480.58831,0.56489,0.464
481.15320,0.56301,0.411
481.71622,0.56376,0.376
482.27998,0.56452,0.204
482.84450,0.54908,0.388
483.39357,0.53894,0.563
483.93252,0.55358,0.383
484.48610,0.55187,0.232
485.03797,0.54233,0.114
485.58029,0.52607,0.629
486.10636,0.51647,0.321
486.62283,0.51994,0.253
487.14277,0.51291,0.617
487.65568,0.49656,0.111
488.15224,0.49786,0.535
488.65010,0.49544,0.254
489.14554,0.50152,0.340
489.64706,0.49907,0.214
490.14614,0.49994,0.414
490.64607,0.50739,0.326
491.15346,0.51379,0.557
491.66725,0.51884,0.305
492.18609,0.52429,0.557
492.71038,0.52604,0.264
493.23642,0.52778,0.501
493.76420,0.52242,0.196
494.28662,0.53037,0.410
494.81699,0.52524,0.338
495.34224,0.53346,0.634
495.87569,0.53108,0.420
496.40677,0.52627,0.362
496.93304,0.52441,0.373
497.45745,0.52632,0.275
497.98378,0.51682,0.430
498.50060,0.52051,0.312
499.02111,0.50865,0.396
499.52976,0.50983,0.467
500.03959,0.51261,0.315
500.55220,0.51388,0.456
501.06608,0.51828,0.462
501.58436,0.51985,0.341
502.10421,0.52421,0.617
502.62842,0.52842,0.413
503.15685,0.53100,0.263
503.68785,0.53504,0.526
504.22289,0.53956,0.492
504.76245,0.54238,0.389
505.30483,0.54708,0.489
505.85191,0.55241,0.400
506.40432,0.55158,0.277
506.95589,0.55758,0.465
507.51347,0.56240,0.339
508.07587,0.55918,0.248
508.63506,0.56486,0.440
509.19992,0.55342,0.414
509.75334,0.54224,0.262
510.29558,0.54384,0.394
510.83942,0.53546,0.243
511.37488,0.52092,0.170
511.89580,0.52914,0.105
512.42494,0.51706,0.202
512.94200,0.51675,0.321
513.45874,0.51373,0.125
513.97247,0.51977,0.097
514.49224,0.52539,0.103
515.01763,0.52928,0.081
515.54691,0.51845,0.101
516.06536,0.52109,0.152
516.58645,0.53322,0.155
517.11967,0.53798,0.191
517.65765,0.52892,0.164
518.18657,0.51765,0.103
518.70422,0.51079,0.128
519.21501,0.50575,0.114
519.72076,0.50369,0.095
520.22445,0.49153,0.092
520.71598,0.48944,0.048
521.20542,0.48111,0.172
521.68653,0.48376,0.066
522.17029,0.48896,0.106
522.65925,0.49052,0.103
523.14976,0.49797,0.059
523.64774,0.49584,0.055
524.14358,0.49504,0.054
524.63862,0.50183,0.093
525.14045,0.50567,0.028
525.64612,0.50494,0.083
526.15107,0.50240,0.186
526.65346,0.49622,0.089
527.14969,0.50124,0.134
527.65092,0.50220,0.162
528.15312,0.50170,0.159
528.65482,0.50006,0.096
529.15489,0.50203,0.073
529.65692,0.51129,0.044
530.16821,0.50769,0.103
530.67590,0.51655,0.063
531.19245,0.51678,0.051
531.70923,0.52015,0.044
532.22938,0.51944,0.080
532.74881,0.52104,0.057
533.26985,0.51718,0.000
533.78703,0.52369,0.055
534.31072,0.51732,0.088
534.82804,0.51666,0.107
535.34470,0.52550,0.041
535.87020,0.52550,0.153
